country_name,iso3,fsi_2011_value,fsi_2013_value,fsi_2015_value,fsi_2018_value,fsi_2020_value,fsi_2022_value,cthi_2019_score,cthi_2021_score,cthi_2019_rank,cthi_2021_rank,cthi_2019_share,cthi_2021_share,sotj20_loss_corp_musd,sotj21_loss_corp_musd,sotj23_loss_corp_musd,sotj20_loss_total_share_healthexpenses,sotj21_loss_total_share_healthexpenses,sotj23_loss_total_musd,sotj23_loss_total_share_healthexpenses
Aruba,ABW,124.9300921,113.3252,99.5278,148.0466,76.65347324,159.364604258608,64.38666499360001,70.13456512076104,54,56,0.0024131033697343,0.002126485232601,6.785062503366633,0.00000575,1.0,,,22.35667419433594,0.1133399524913156
Afghanistan,AFG,,,,,,,,,,,,,0.5978402348289609,0.000048800000732,0.0,0.0304744958545944,0.5270841428008801,2.024689197540283,0.022619454504613
Angola,AGO,,,,,345.4517203,335.726662488047,,,,,,,2050.8,0.000180300007212,126.0000050067902,1.465188053112189,0.2418405875434759,309.810765504837,0.3726202883265818
Anguilla,AIA,36.04731967,96.76443,89.38037,195.0371,192.9863302,199.868287614495,100,100,35,39,0.00613194409856,0.0057597872833982,0.0,0.0,0.0,,,0.0,
Albania,ALB,,,,,,46.9009190392295,,,,,,,43.486590670273365,0.000044850001794,46.2,0.0780615914559758,0.1307567277955933,49.74406428337097,0.1155022920428188
Andorra,AND,133.6207578,43.37763,27.32231,35.05223,38.8370971,80.0128885228656,69.04854058846666,61.29441797701632,51,62,0.0028754777939249,0.0015139748201028,0.0,0.0,0.0,0.0573703135223096,0.0700685098403452,8.142801284790039,0.0555020456495189
Netherlands Antilles,ANT,129.3691558,,,,,,,,,,,,0.0,,,,,,
United Arab Emirates,ARE,439.5830274,419.0078,440.7632,661.1468,605.1966719,648.452012449766,98.33333333333334,98.33333333333334,12,10,0.0327698547580793,0.0376033631656434,1022.393222509486,0.004089800089232,0.0,0.1041371247857276,0.4267488535304642,0.0,
Argentina,ARG,,,,,109.3707018,82.2489146996438,,32.13101476340773,,68,,0.0008184604914828,2341.815851562876,0.000956899983596,1067.700042426586,0.0859191434839237,0.0380507120287252,1368.790710151196,0.0441292794294764
Armenia,ARM,,,,,,,,,,,,,29.000000435,0.000025400000381,20.8,0.177936066004863,0.1875284493137591,25.08187513351441,0.1627397233014766
American Samoa,ASM,,,,,,30.0633560836334,,,,,,,0.0,0.000001620000066,0.0,,,0.0,
French Southern Territories,ATF,,,,,,,,,,,,,0.0,,,,,,
Antigua and Barbuda,ATG,88.46715871,60.47441,79.55601,54.5297,39.04950099,44.726376927443,,,,,,,0.0,0.0,0.0,,0.034817126972046,2.337651014328003,0.0501227870084597
Australia,AUS,,168.1538,148.0734,244.3583,238.0740006,318.068723355769,,,,,,,2365.613824126147,0.005029800201192,2111.100083887578,0.0487243677156886,0.0783020393324148,3785.47862392664,0.0413315522605551
Austria,AUT,453.4871247,400.8232,295.3141,310.4127,317.0012908,270.185906860013,51.587731129238094,55.68305887571752,33,33,0.0067852613486402,0.0068456020510397,341.9642840056337,0.0011405,736.5,0.0313547551962997,0.0531933244891719,1313.112182617188,0.0382432512708194
Azerbaijan,AZE,,,,,,,,,,,,,7.801623504325948,0.000000600000009,0.0,0.057026456357622,0.023461162369067,22.51102256774902,0.051260804281924
Burundi,BDI,,,,,,,,,,,,,0.0,0.000000600000024,0.0,0.0295429132414879,0.0353022223641661,1.850738286972046,0.0365707799327167
Belgium,BEL,467.1602626,199.2665,181.2279,212.9652,236.2087478,358.925657432149,67.84092466828572,72.78172411353997,16,16,0.0216514171184279,0.0219792913683246,1151.05858195819,0.001122009956117,1323.113401919603,0.0944197482968821,0.097930047442545,3768.744261294603,0.0887062196447212
Benin,BEN,,,,,,,,,,,,,0.0512842010614638,0.000040934001266000005,14.1,0.0198906634125831,0.5118151417293048,16.31187162399292,0.2331650064010642
"Bonaire, Sint Eustatius and Saba",BES,,,,,,,,,,,,,0.0,,0.0,,,1.964985013008118,
Burkina Faso,BFA,,,,,,,,,,,,,0.2302939573609298,0.0,9.90000021457672,0.0100151067053869,0.0072861060443936,12.30605757236481,0.0323693629068122
Bangladesh,BGD,,,,,228.7907315,232.42749691377,,,,,,,674.242802359294,0.00011825,371.0,0.6189164682453717,0.1452152139935109,396.908519744873,0.3104712039774925
Bulgaria,BGR,,,,91.38212,57.52600889,89.5195970426802,55.56850479228572,58.37707867180929,45,48,0.0037831922545425,0.0038164213640675,25.45827001164282,0.000136700001367,138.9000020697713,0.0162455801561548,0.06211531758295,153.2334676459431,0.0545299844713442
Bahrain,BHR,660.3148226,461.1659,471.3962,490.7067,137.9927224,191.054723230585,,,,,,,0.0,0.0,0.0,0.0,0.0,0.0,
Bahamas,BHS,431.110463,226.8748,273.0835,429.0041,407.2798157,385.443037120639,100,100,9,12,0.0362725053287592,0.0328469236897001,0.0,0.0,0.0,0.0,0.0,0.0,
Bosnia and Herzegovina,BIH,,,,,,,,,,,,,17.45858002277679,0.000025600000256,15.5,0.0153882197434398,0.022823102437187,16.90112388134003,0.0134773580230117
Belarus,BLR,,,,,,,,,,,,,65.76319859328757,0.00006948000270199999,29.16,0.0291485202363211,0.0302455826478601,30.03795728445053,0.0125905004020999
Belize,BLZ,198.3999755,129.8344,92.46147,86.29995,78.07163009,76.3965466696601,,,,,,,0.0,,0.0,1.681449555748471,1.212141161355924,98.3358383178711,1.088060930374818
Bermuda,BMU,539.8775265,432.3802,217.7114,281.8268,289.0693612,244.634676127082,100,100,2,3,0.069842993800182,0.0566709750434633,9.05173334266608,0.0,0.0,,,0.0,
Bolivia,BOL,,,,94.82185,114.7429415,87.2225547873925,,,,,,,103.2828569371772,0.00009325,62.0,0.097541301974117,0.0880103698473119,91.89218711853027,0.0508636879957866
Brazil,BRA,,283.9142,263.6772,137.9975,157.2123276,135.344597078661,,29.28081484877269,,64,,0.0012292853260096,14630.7457677814,0.007866920092552,7677.200080752373,0.2005907568804584,0.1069207931995215,7926.624839663506,0.1042929092069635
Barbados,BRB,266.5653179,317.4745,298.3258,230.953,192.8631042,176.944742731616,,,,,,,0.094992574660249,0.000036,62.0,0.8280538674395314,1.14202903455334,188.4261703491211,1.258018298390933
Brunei,BRN,45.79904958,50.63406,47.41675,85.59808,34.61833041,28.3367424360271,,,,,,,85.46283320055534,0.000013135000142,13.87500017881393,0.2889566491032839,0.044555621649332,13.87500017881393,0.0445480863654811
Bhutan,BTN,,,,,,,,,,,,,0.0,0.00002700000108,0.0,0.0015927957276771,0.5019007603162363,0.1112302243709564,0.0018690425882778
Bouvet Island,BVT,,,,,,,,,,,,,0.0,,,,,,
Botswana,BWA,121.2662673,98.99626,90.55827,39.44938,58.3732222,80.3532278185222,55.25788898861905,54.88221436663192,56,59,0.0019570057636586,0.0018018830038031,13.44292747770227,0.000005059999977,6.81999996304512,0.0354100601676002,0.0189449893563462,16.03442123532295,0.0207777536065791
Central African Republic,CAF,,,,,,,,,,,,,36.3,0.0000012,0.0,2.279189083337436,0.164897335825613,0.3929566740989685,0.0257019920698747
Canada,CAN,366.1569807,418.5234,251.7512,425.8399,438.3763735,348.703010135141,,,,,,,3310.466008039709,0.003479714816166,1472.392036676407,0.0432278436840678,0.0398758165046344,3650.585151910782,0.0266815635721134
Cocos Islands,CCK,,,,,,,,,,,,,0.0,,,,,,
Switzerland,CHE,1879.215803,1765.25,1466.132,1589.574,1402.104341,1167.06805877781,83.31256726971428,88.57052953006583,5,5,0.0493686978100626,0.0510788257055475,881.2587786594252,0.00080320399096,272.3991267681122,0.2294199815106732,0.2141474589059813,4669.696001768112,0.1735755710046459
Chile,CHL,,,166.6763,168.6416,135.1246845,161.135874986073,,,,,,,414.5757598288327,0.00154937996962,1614.25,0.056299576911346,0.1620632205806892,1757.433090209961,0.1280272459475541
China,CHN,,,312.1978,372.5777,397.2478134,577.680381278876,58.30125853057142,62.50157434166584,19,19,0.0173378127918629,0.0202516094277586,3732.400491703544,0.00388925,1614.75,0.0438044403096554,0.0417281860767736,11435.2109375,0.0272611599262013
Cote d'Ivoire,CIV,,,,,,,,,,,,,217.0871990733885,0.00017075,102.25,0.4532799060463879,0.3726639673386768,121.3219604492188,0.1732296327872796
Cameroon,CMR,,,,,229.2318944,139.847121712536,,,,,,,114.56710688110712,0.000288090011349,41.91,0.5627562432757344,2.2010061685520568,65.75869384765625,0.7819698757666874
Congo DRC,COD,,,,,,,,,,,,,83.43071392269506,0.00061572,182.0,0.5556982915064476,3.031922114417529,210.6176071166992,0.8896305210239469
"Congo, Rep.",COG,,,,,,,,,,,,,0.791370680313349,0.000462150004266,566.6999999999999,0.0945591529883729,2.802647923367517,577.8057157516479,5.377772180222173
Cook Islands,COK,13.39634467,25.26854,17.80766,44.97323,12.08968373,38.9829277017679,,,,,,,0.0,,74.60000000000001,,0.0,74.60000000000001,8.714939959995672
Colombia,COL,,,,,92.25450441,88.2030750488736,,,,,,,11639.16003940118,0.002405840028304,1588.95,0.717938717657318,0.1595569396956839,1891.784381103516,0.1034629459756165
Comoros,COM,,,,,,,,,,,,,0.0,,13.5,0.0268859567769717,0.0513194215289456,13.82920050621033,2.737469669634898
Cape Verde,CPV,,,,,,,,,,,,,0.0,0.0,10.0,0.0214546785849495,0.0213547179200182,11.16445517539978,0.1760513718914349
Costa Rica,CRI,177.2174434,157.6024,74.91603,168.778,132.2436273,91.2461682063749,,67.51870748299321,,40,,0.0057067614548363,197.1719694166733,0.000349200013968,219.9,0.0654366030852298,0.1236147618985116,260.9567779541015,0.0763530884567114
Cuba,CUB,,,,,,,,,,,,,0.0,,0.0,0.0001607911056843,0.0002531598403626,4.919833660125732,0.000494395677423
Curaï¿½ao,CUW,,106.41,67.8111,105.658,103.6047272,117.38350146156,72.04477021345716,72.46070611052025,21,29,0.0145442590045223,0.0079641909605561,0.0,0.000001099999995,3.739999979734421,,,350.2822057902813,1.882713340778287
Christmas Island,CXR,,,,,,,,,,,,,0.0,,,,,,
Cayman Islands,CYM,1646.67297,1233.567,1013.158,1267.682,1575.187467,516.439709453182,100,100,3,2,0.0667116527344404,0.0599385015765242,0.1667600979493098,0.0,0.0,,,0.0,
Cyprus,CYP,406.5143262,198.9163,213.938,404.4424,383.3767089,510.050768266449,71.12914214495238,85.34487256599441,18,14,0.0183778037344254,0.0311584755286324,19.53554795831021,0.0000785,171.0,1.54872537916955,1.760097467087003,1102.572326660156,1.486586497655886
Czechia,CZE,,,44.24571,145.1049,163.301549,114.22075002177,58.89175803619047,58.26330409205674,31,37,0.0070997581895843,0.0060757396827536,385.09954940120326,0.000653979993116,678.6799914836884,0.0348877919709123,0.0563553936808874,757.639860868454,0.0481142569709146
Germany,DEU,669.7714873,738.3376,701.8712,768.9534,499.7193618,680.656109360453,52.33767254942857,58.017137480096,24,23,0.0121342996161694,0.0143324116605501,24394.59352067307,0.034188793810086,16213.76581281424,0.1125984927906071,0.1379479690112917,26046.21503156424,0.0738060721702526
Djibouti,DJI,,,,,,,,,,,,,0.0,0.000003,7.25,0.0684533955984349,0.1807438309293223,11.24561166763306,0.3350379832335391
Dominica,DMA,12.45284756,26.94115,21.31418,62.02435,53.75459323,43.8971151015247,,,,,,,0.0,0.00000425,1.0,0.2514145341934758,0.4077044011081909,5.127223491668701,0.2163357584232645
Denmark,DNK,121.6806958,63.11788,38.20438,166.1187,103.5213067,139.920728650272,51.70442714561905,56.42556483980452,36,34,0.0059626115465797,0.0066621935888416,696.0393499654419,0.000867239996058,526.6799971461296,0.0632829020849665,0.074860749218755,1778.091862380505,0.0589871672972894
Dominican Republic,DOM,,193.7889,,147.0888,86.68009359,125.936550498231,,,,,,,91.45097334925606,0.000295650012045,174.69,0.0575932648791898,0.1986396046865794,252.3715872192383,0.1161286174989737
Algeria,DZA,,,,,400.5574352,335.084734486588,,,,,,,434.75,0.00041375,8.58,0.0628803735936494,0.0584393706596427,62.50424392700195,0.0087289175385264
Ecuador,ECU,,,,,50.65986558,72.8240981066744,,42.73615196118458,,66,,0.0009736506557758,255.5054233610554,0.000161699999265,23.25,0.0700942264341515,0.0628890257262455,140.5101928710938,0.0308788503813482
Egypt,EGY,,,,,241.9304224,211.380977536261,,,,,,,2123.341866570833,0.000758474979774,262.5749930441379,0.5126252892046633,0.2022652661757747,438.3702506124973,0.1234932745071633
Eritrea,ERI,,,,,,,,,,,,,0.0,,0.0,0.0478702092822434,0.0642487885500318,1.283261895179749,0.0293757152516957
Western Sahara,ESH,,,,,,,,,,,,,0.0,,,,,,
Spain,ESP,98.79348649,111.3811,77.46602,213.8851,164.2963027,345.885712125912,54.53924898342857,64.80743455808388,27,22,0.0106107072771212,0.0155410597072976,2665.706984058389,0.00535475,4881.25,0.0503768782531437,0.0851329978923245,6424.654174804688,0.0714984905209225
Estonia,EST,,,52.93182,79.46701,46.03418673,46.8513248291558,66.5245014367619,70.0056972601482,39,38,0.0055667873845413,0.0058100477413893,50.8346637093785,0.00008240000123600001,84.40000125765799,0.0531445398414768,0.0775564469091545,97.02481433749196,0.064386806408735
Ethiopia,ETH,,,,,,,,,,,,,362.6585196394751,0.000137400005496,38.4,0.564211309254903,0.2226199420575832,53.42755737304687,0.0823265958148156
Finland,FIN,,,19.43176,142.2335,119.3438966,118.958377851446,55.032484401047626,59.8055860726968,34,32,0.0062270564598163,0.0068692459719245,324.74413459863354,0.000258800003882,292.000004351139,0.0488452588478095,0.0425394623070955,904.9276166558266,0.0462317883745304
Fiji,FJI,,,,,,57.8165245316051,,,,,,,3.5560543167421312,0.000001800000027,7.4,0.0376170953235355,0.0245716686541413,7.955691659450531,0.0609486820876199
Falkland Islands,FLK,,,,,,,,,,,,,0.0,,0.0,,,2.722721099853516,
France,FRA,312.3447133,190.9599,241.9387,404.1754,350.5328628,342.947734941308,55.70168938760952,66.9323299190448,22,18,0.0138322031887184,0.0205145082518795,14351.950376901292,0.033993602747784,27718.9045497179,0.0861236420021981,0.1892697459538638,33024.64722549915,0.1432523456208229
Faroe Islands,FRO,,,,,,,,,,,,,0.0,,0.0,,,1.690727353096008,0.0086079767080793
Micronesia,FSM,,,,,,,,,,,,,0.0,,0.0,0.0248791221015376,0.0362006039155312,0.4893393218517303,0.0367341800585831
Gabon,GAB,,,,,,,,,,,,,132.8138911876984,0.000227400009096,26.70000106096268,0.5589163116251028,0.9144160343650998,47.23937827348709,0.1741092175103581
United Kingdom,GBR,516.4732436,361.325,380.2413,423.76,534.6489772,546.906403786103,63.45288689009524,69.20465603076573,13,13,0.0281148206504278,0.031229582185366,10269.7224045978,0.026546989720558,16698.14979046583,0.1871618037271018,0.2334344520785705,44684.20057171583,0.1975736971433002
Georgia,GEO,,,,,,,,,,,,,68.40000273599999,0.000025050001002,16.05,0.188262199439235,0.0755562405297098,20.79117946624756,0.0420918393068257
Guernsey,GGY,402.3383479,419.3564,339.3795,658.9188,564.5566629,610.370358389219,97.5,98.33333333333334,15,17,0.0234500247155289,0.021554701596078,37.523130689738366,0.0,0.0,,,410.8500671386719,
Ghana,GHA,146.8078402,109.9242,139.184,68.85175,54.46927623,166.974162606216,49.4922624477238,51.68688641021549,60,61,0.001483782771667,0.0015413013775186,85.03105675029506,0.00008425,48.5,0.1572415010628255,0.1882622074335112,114.9710922241211,0.1241197217753201
Gibraltar,GIB,174.6427276,147.8179,109.3385,107.4421,359.894185,109.672786965682,65.59183673457143,66.35446263299708,28,30,0.0104812938979759,0.0078741692462694,0.0,0.0,0.0,,,226.0912780761719,2.087545813040021
Guinea,GIN,,,,,,,,,,,,,0.3097622390409063,0.000031149999466,4.55,0.0623636990206217,0.6598611686505329,7.900061655044555,0.1030785065363715
Guadeloupe,GLP,,,,,,,,,,,,,0.0,,0.0,,,0.0,
Gambia,GMB,,,,34.51403,37.71817321,20.9445083691393,47.99141730737144,49.79974966034336,63,69,0.0002420278338325,0.000286459004493,196.230001266,0.000033480000216,16.12,13.26017980739076,2.162974545386769,18.18115651130676,1.149728791166719
Guinea-Bissau,GNB,,,,,,,,,,,,,15.680000112,0.000003500000025,0.0,2.294526117808664,0.6266004733531727,1.622946381568909,0.1682973315949409
Equatorial Guinea,GNQ,,,,,,,,,,,,,0.0,0.000039549999322,5.949999999999999,0.0478365070313819,0.5231939551814405,9.928250980377197,0.1272698201331094
Greece,GRC,,,37.23742,118.5833,91.6458191,103.197623112826,39.057105727238095,46.49980721430329,61,57,0.0014085104424222,0.0021026767338654,353.785574126455,0.0007809699784559,633.0699817836284,0.1177309049295534,0.1659288288345209,1526.988682955503,0.1797183663334521
Grenada,GRD,57.60750966,55.7658,42.17658,44.60537,34.5581084,35.8128087724807,,,,,,,0.0,,0.6,0.1241837110443741,0.1380973265665031,3.249727582931519,0.163388439349446
Greenland,GRL,,,,,,,,,,,,,0.0,,8.586,,,11.52605608558655,0.0612330668820874
Guatemala,GTM,174.8035251,142.4216,177.1868,123.6272,162.1515523,265.185704271828,,,,,,,31.61524378486256,0.00013025,93.75,0.025203239293725,0.1066999343070453,114.891263961792,0.0762408711077215
French Guiana,GUF,,,,,,,,,,,,,0.0,,0.0,,,0.0,
Guam,GUM,,,,,,31.8871036558588,,,,,,,0.0,0.000043049999262,19.32,,,19.32417441921309,0.0518017058448322
Guyana,GUY,,,,,,,,,,,,,285.7236342802483,,0.0,3.080777632575679,0.0124481418659127,1.723265171051025,0.0098001581876151
Hong Kong,HKG,1370.740769,1283.445,1259.422,1243.678,1035.294758,926.77899139798,73.02777880761906,77.92385409646192,10,7,0.0361291886975284,0.0407771568453471,552.0266140339991,0.000207405008799,228.0300090610981,,,1213.427653104067,0.0544574188404534
Heard Island and McDonald Islands,HMD,,,,,,,,,,,,,0.0,,,,,,
Honduras,HND,,,,,,,,,,,,,319.4998413112141,0.00027875,168.25,0.4361627609644113,0.4547291645801779,196.3926525115967,0.2875151489592466
Croatia,HRV,,,,119.3637,112.3301275,101.912386926766,54.5339824084762,55.7140599182483,48,53,0.0033433208366475,0.0029646903101231,11.85304628591192,0.000163800002457,85.14000338315965,0.0093288084617647,0.0567810868708464,102.4350358843804,0.0289360696454364
Haiti,HTI,,,,,,,,,,,,,80.39999999999999,0.000005399999999999998,0.0,1.159461028306028,0.0681627237029057,3.358110189437866,0.022138609426587
Hungary,HUN,94.79689408,54.65056,37.31525,132.7332,151.5159647,155.985361320584,69.09811341209523,71.95281590469355,20,24,0.0147684216624075,0.0135254483487693,350.9750689630762,0.001541430068508,321.1200127601624,0.0603114419791036,0.2391104015178206,377.1345047950745,0.0507323810974655
Indonesia,IDN,,,,188.7874,143.8350776,170.240689326121,,,,,,,4785.952836383658,0.00221625,2736.5,0.4291969986717555,0.1981118561436813,2806.311920166016,0.1901462441358767
Isle of Man,IMN,230.4174787,237.258,228.5974,248.6847,258.344155,189.533907585028,100,100,17,20,0.0211746167128356,0.0192023259584119,0.0,0.0,0.0,,,240.1716003417969,0.5204207943410132
India,IND,344.0421554,254.5711,148.0025,316.6198,238.6822839,318.366687317518,,,,,,,10117.52929204268,0.016609800664392,31520.39331436157,0.4470075834330314,0.7861850465286099,31703.62816238403,1.227821952042035
British Indian Ocean Territory,IOT,,,,,,,,,,,,,0.0,,,,,,
Ireland,IRL,264.2156913,155.5173,187.4491,387.941,363.7959507,357.174772650659,75.66642894933332,77.07945533892205,11,11,0.0358926798298095,0.0329596344645817,199.1210369214739,0.000080875,613.0,0.7300657064138677,0.7106823170417098,13589.8603515625,0.6881438323446143
Iran,IRN,,,,,,,,,,,,,0.0,,17.5,0.0006341300991284,0.000505346282313,26.46349334716797,0.0020056240082579
Iraq,IRQ,,,,,,,,,,,,,0.1101238896080208,0.000052050002082,48.75,0.0025302202292247,0.0248695723472533,54.39707899093628,0.0121052471152143
Iceland,ISL,,,67.11217,139.6926,129.3088059,45.848661724847,,,,,,,17.21997616810572,0.000045800000687,122.6000018268823,0.0409918068800065,0.0528598685552962,156.7501254230738,0.0855496737550691
Israel,ISR,230.2969209,205.9219,173.7764,313.5544,291.4915508,335.856649395178,,,,,,,1429.9436373438111,0.000512879989315,363.8600066006183,0.1567284189219246,0.0842447520886852,1130.049154549837,0.0616783803432955
Italy,ITA,231.1939797,118.9649,98.65669,254.1414,287.7961653,393.350377781294,50.54590117028572,57.61148897689016,30,27,0.00794807497176,0.0100073186025778,8804.628006265606,0.00211823995587,1534.33502048254,0.0900220401420696,0.0488445317889419,4771.25494235754,0.0356129821114713
Jamaica,JAM,,,,,,,,,,,,,20.27280084587977,0.00012975,89.5,0.0559620956146127,0.2753713593455267,97.1974892616272,0.1569735562610293
Jersey,JEY,750.1455758,591.7031,354.0404,438.2174,466.8129505,458.502664879157,98.33333333333334,100,7,8,0.0405811960902188,0.0389470082089178,6.077029547044922,0.000102200001533,0.0,,,1411.52880859375,
Jordan,JOR,,,,,260.3940199,170.42080332232,,,,,,,87.00000097499999,0.000071200001068,69.8,0.0815308608431029,0.0833115614914638,120.7905166625977,0.0726960386130781
Japan,JPN,693.6381377,513.1047,418.3741,623.9166,695.5945925,764.994509813845,,,,,,,4310.693600604324,0.0100939976616719,3387.385973930358,0.0211044414497156,0.0329077644295203,8319.468981742859,0.0179292842614729
Kazakhstan,KAZ,,,,,82.30435033,146.852451402802,,,,,,,191.5309462828883,0.000169800002547,117.8,0.073207160237707,0.0578750788683767,183.3388107299805,0.0575058056795737
Kenya,KEN,,,,378.3477,398.1913655,281.572610479911,50.830757145923805,49.70798213959706,58,63,0.0015920854229162,0.0014053004066381,502.4689668458002,0.000495900019836,134.1000053286553,0.3601782533895954,0.3730778580229386,189.8456031680107,0.0945643603756435
Kyrgyz Republic,KGZ,,,,,,,,,,,,,10.600000106,0.000007600000076000001,0.3,0.0668215944136854,0.0568646451276618,5.533579158782959,0.0239024603559536
Cambodia,KHM,,,,,,,,,,,,,7.199819747410013,0.000120200001803,243.0,0.0789386707692889,0.5469234889602295,257.7541103363037,0.8182164272419847
Kiribati,KIR,,,,,,,,,,,,,0.0,,0.0,0.0136138695063548,0.0099949914861248,0.2210721969604492,0.012175307973514
St. Kitts and Nevis,KNA,31.16919967,18.45872,68.42789,152.5491,162.2543025,168.320986983207,,,,,,,0.990000039,0.000000330000013,0.0,0.0506073828037776,0.0700717511639262,0.8348432779312134,0.031374586124073
South Korea,KOR,317.1874912,328.7934,124.2812,314.0573,411.058924,498.628333783005,,,,,,,3416.07312078022,0.000060719999724,264.8250057399273,0.0655846946742943,0.0077503366071403,685.0639278590679,0.0089841129777882
Kuwait,KWT,,,,,369.1707737,334.388742381677,,,,,,,29.178454138532548,0.0,32.85,0.0069446702393849,0.0,32.85,0.0054011781153519
Laos,LAO,,,,,,,,,,,,,84.60615855860246,0.000036719999235000006,29.52,0.8098730620222354,0.3338306965430138,31.50623824119568,0.1997955119073302
Lebanon,LBN,397.3275649,747.8594,760.211,644.4132,385.5245651,149.046428743194,72.8426338367619,75.09693473951488,38,43,0.0058059851497661,0.0050095682038878,0.1443027372386782,0.000018000000719999998,16.5,0.0737681964805124,0.1069172829072806,141.2597579956055,0.0615795933859341
Liberia,LBR,316.8840234,300.8851,218.2189,277.2883,77.58983749,286.164216330279,48.95578231259047,67.70578231292518,57,46,0.0018772759900636,0.0042238519377929,0.0,,37.75,5.953690964538684,4.274128538027071,205.7955780029297,3.546054325121686
Libya,LBY,,,,,,,,,,,,,1.600000024,0.000047600000714,9.6,0.0302389835798542,,58.17490158081055,0.0123156937835184
St. Lucia,LCA,78.7209814,66.89086,51.67438,21.52323,12.25216126,32.5936701981612,,,,,,,2.400000096,0.0,0.0,0.1922065945695241,0.1825628649729693,6.05898904800415,0.141725982277015
Liechtenstein,LIE,239.214042,240.963,202.3737,240.8588,229.6776321,217.465241935676,69.50760261142857,70.6938725452554,37,35,0.0059016348711684,0.0065843630940822,0.0,0.000054875,40.5,,,95.4038314819336,0.2314227946944539
Sri Lanka,LKA,,,,,290.6386989,241.131858731254,,,,,,,97.35198041010312,0.00006720000023999999,406.5600000000001,0.0793408837853317,0.0597660322445927,413.248630104065,0.2831699298937078
Lesotho,LSO,,,,,,,,,,,,,278.4281021660289,0.00000025,1.25,2.133439166354194,0.0053706632278386,1.982756733894348,0.0144053827978673
Lithuania,LTU,,,,58.74935,89.82748835,96.6036985329499,54.826730763952376,56.5720390266359,52,54,0.0028106073690754,0.0027681849452657,90.65297280261396,0.00007785000311399999,104.2500041425228,0.0493347454590061,0.0431921213702947,113.282990783453,0.0487191218107817
Luxembourg,LUX,1621.157151,1454.483,816.9902,975.9181,849.3599776,803.665284815707,72.43592522038095,73.97270319828087,6,6,0.0472531752392816,0.0409975403047952,551.3543103636425,0.002768659138656,1365.525037050247,3.606079799574837,4.460292794440257,11183.48597455025,3.509006877473985
Latvia,LVA,88.8864986,128.1165,92.78296,195.6474,182.8323824,112.707140386812,68.12597400057142,73.12027004066293,41,42,0.0051730873033055,0.005406944381604,36.33894655547046,0.00003540000141599999,63.80000095069408,0.0627806819277438,0.0663898130865911,91.73095874488354,0.0720881772817615
Macao,MAC,389.7947257,360.4904,420.1752,424.9164,356.5284554,341.316487827463,56.6510633004381,58.1221838370116,46,47,0.0037991640520437,0.0039246146620259,348.78888620139656,0.000004319999892,54.83999877423049,,,108.1611352488399,0.0317612748439916
St. Martin,MAF,,,,,,,,,,,,,0.0,,14.35,,,14.35,
Morocco,MAR,,,,,157.4906161,146.481576141836,,,,,,,451.6115845755471,0.000806930005206,919.46,0.20235416277171,0.3559005761913421,982.5372666931152,0.3613599067168708
Monaco,MCO,37.73045046,38.84132,53.66951,82.93153,79.8978613,66.1207661704564,67.5580464000762,67.38211343262877,40,44,0.0054487634231295,0.0046440653151356,0.4248258457360693,0.0,0.0,0.003918748377974,0.0,0.0,
Moldova,MDA,,,,,,,,,,,,,28.439999289,0.000029039999274,21.12,0.0692307851223434,0.0775391598493883,21.93344228982925,0.0513483373122197
Madagascar,MDG,,,,,,,,,,,,,63.66446526611457,0.000065200000978,2.2,0.267715265749436,0.2870960173304861,13.02882404327393,0.0553268941372946
Maldives,MDV,78.45620857,21.05039,,74.87318,155.3867357,117.277751896864,,,,,,,0.0,0.0,36.7500014603138,0.0026856119770549,0.013132640409936,37.36506286263467,0.1060491307891198
Mexico,MEX,,,117.0899,107.5703,139.8054232,139.294339003354,,54.12191343043128,,31,,0.007318323214151,8250.806214186772,0.01019100040764,5957.700236737729,0.2467062828238263,0.309699661805234,6685.348308026792,0.2033403440832211
Marshall Islands,MHL,457.0060042,329.6054,405.5528,275.2864,236.4328673,236.316279783906,,,,,,,0.0,,0.0,6.634643904605758,5.622812881367979,70.66116333007812,4.22654881126313
North Macedonia,MKD,,,59.5387,39.76486,54.85502758,46.8750516044697,,,,,,,24.83894108636471,0.000037100000371,18.5,0.0557595093950076,0.0854234405355652,20.58530402183533,0.0430126390491817
Mali,MLI,,,,,,,,,,,,,5.548718355568775,0.000039300001572,26.1,0.1077591833484822,0.3540896386612156,34.70608959197997,0.1854444175075684
Malta,MLT,98.63070036,78.0526,260.9326,426.3097,442.1984597,309.347910756495,73.5142308544762,79.10768405795642,23,21,0.0136663845043442,0.0172474096695781,7.040335053218359,0.00001519999973942857,23.49999959979738,0.5689260344305666,0.5750007355594173,361.4553218654224,0.4151908999773384
Myanmar,MMR,,,,,,,,,,,,,2.852480991696299,0.00010225,140.75,0.008311966730019,0.2035090506515374,141.7528028488159,0.2971424013790258
Montenegro,MNE,,,,52.64225,53.6489963,61.4396784389491,,,,,,,106.1902773710818,0.000016290000723999997,8.37,,0.0725283970984891,9.185263986587524,0.0329964663757733
Mongolia,MNG,,,,,,,,,,,,,38.800000388,0.000027600000276,118.0,0.1389438591933813,0.1049734496816333,121.1464376449585,0.4135877834771693
Northern Mariana Islands,MNP,,,,,,,,,,,,,0.0,,71.19,,,71.19,0.8876402516239137
Mozambique,MOZ,,,,,,,,,,,,,452.6392645124701,0.0003081599932589,124.48,2.2269099222412523,1.2846863353722449,147.2863201904297,0.5732950118056215
Mauritania,MRT,,,,,,,,,,,,,12.43421195523589,0.000015,2.25,0.1792124608333273,0.2462639205601265,8.237890243530273,0.0670747477312704
Montserrat,MSR,50.1146765,0,10.86544,16.53285,15.43065113,5.00878551453167,65.40124040300951,65.34821048247652,64,70,0.0001850873155746,0.00007476482003061452,0.0,,0.0,,,0.1497855186462402,
Martinique,MTQ,,,,,,,,,,,,,0.0,,,,,,
Mauritius,MUS,261.5523825,397.8627,297.0404,223.4719,235.8193779,216.391317057951,79.83477528933334,81.4067809959874,14,15,0.0250130779020672,0.0228749870591244,62.38981934174374,0.000378150015126,215.2500085532666,0.5791502436249051,1.552001092967161,312.1566857993603,0.8426760616179557
Malawi,MWI,,,,,,,,,,,,,51.25225494499677,0.000056100002244,28.2,0.3630721476866447,0.3214709631454385,33.08773536682129,0.12422519668672
Malaysia,MYS,319.2789828,471.6878,338.7408,335.1089,352.6920303,296.349074069591,,,,,,,902.5831563052724,0.001048559978155,774.9599826782943,0.1919932311783737,0.2165933906624932,1064.995627209544,0.1543955710798842
Mayotte,MYT,,,,,,,,,,,,,0.0,,,,,,
Namibia,NAM,,,,,,113.074508145991,,,,,,,23.30881268056199,0.000047359998964,34.56,0.0565830164254208,0.1082021777022727,57.3281884765625,0.1144174669438575
New Caledonia,NCL,,,,,,,,,,,,,0.0,0.0,0.0,,,9.803850173950195,0.0161631174443144
Niger,NER,,,,,,,,,,,,,11.93643795599467,0.000021600000864,0.0,0.0649956172492485,0.1103765772156306,1.143443584442139,0.0036664171965697
Norfolk Island,NFK,,,,,,,,,,,,,0.0,,,,,,
Nigeria,NGA,,,,,348.5348452,271.150570931954,,,,,,,10576.47297141331,0.001767600070704,329.700013101101,4.728735877901775,0.8575987526120236,553.9865121245384,0.227146779875305
Nicaragua,NIC,,,,,,,,,,,,,71.89999852055273,0.000119400004776,100.5,0.1474905679213287,0.2872931032682794,134.9944839477539,0.2023137911570082
Niue,NIU,,,,,,,,,,,,,0.0,,,,0.0315192057969816,,
Netherlands,NLD,199.6975153,204.929,168.3756,598.8086,682.2018149,555.669680707264,78.01369583228572,79.93150244625308,4,4,0.062943835904462,0.0554458178359881,935.1846302570136,0.002592,1224.5,0.1788672683823949,0.1891337557752126,10094.1376953125,0.1705506631618921
Norway,NOR,,142.7945,110.6715,242.8484,157.878571,252.205041166651,,,,,,,1853.7719015000016,0.00076127998414,968.0700175613164,0.0698311022761891,0.0365905977848424,1620.146555647254,0.0432381030013637
Nepal,NPL,,,,,,,,,,,,,0.0,0.000028600000429000003,0.4,0.0347570574387202,0.1283030985619877,8.82049789428711,0.0182084120744524
Nauru,NRU,0,0,,26.32038,13.7947611,13.2818006711624,,,,,,,0.0,,0.0,0.0001793975316672,0.0420921850666501,0.0173694547265768,0.0017667565902601
New Zealand,NZL,,151.4267,109.3944,178.5624,218.9967078,230.333097632574,,,,,,,225.2863606529057,0.000196840000703,434.5600018501282,0.0288085305517743,0.0263922689364331,592.3817486763,0.0405512104950668
Oman,OMN,,,,,,256.034257570803,,,,,,,95.8242843925714,0.000124800004992,132.6000052690506,0.0433209293538543,0.0519228282987858,132.6000052690506,0.0400100479901671
Pakistan,PAK,,,,,97.92124943,159.398625639835,,,,,,,2495.169613127771,0.00073470000474,93.3,1.274498667191356,0.3483816939043928,126.9414985656738,0.0313271170420503
Panama,PAN,471.5422459,489.6098,415.663,625.8401,479.5058892,474.486299438013,71.78417342991429,72.19089495053414,26,28,0.0106675619486342,0.0092762292007619,91.2110306467296,0.000292,363.75,0.2918793413581762,0.3515678761999865,869.9684753417969,0.2885755620313158
Pitcairn,PCN,,,,,,,,,,,,,0.0,,,,,,
Peru,PER,,,,,96.17585569,89.2483065198021,,42.47394925232178,,60,,0.0015418515354723,1081.602108577695,0.000637789971894,712.7199683189391,0.1980826176756829,0.1223346109750782,835.5104117393493,0.1144427607128528
Philippines,PHL,253.9256398,206.6698,146.057,269.8108,201.176951,162.385202412035,,,,,,,1877.61956836826,0.003928200157128,2996.4,0.5071228146775589,0.9995634345044572,3223.136373901367,0.6467072914856918
Palau,PLW,,,,,,,,,,,,,0.0,0.0,0.0,0.00004246238265741816,0.0001895570242371,0.0004813130944967,0.00002639029684693415
Papua New Guinea,PNG,,,,,,,,,,,,,19.64029276443733,0.000063900002556,4.8,0.0507617465687776,0.1664077151887505,6.131967234611511,0.0153402029002995
Poland,POL,,,57.22033,215.3974,212.0988403,122.228088730408,40.44938616580953,46.36396859939065,53,52,0.0025852880071588,0.0032628181956865,2087.650706666518,0.002687169971714,2764.309965312481,0.094593574145408,0.118917166937296,2910.441175639629,0.1098386533013701
Puerto Rico,PRI,,,,151.0607,150.5337915,176.451086896862,,,,,,,5.660502140627469,0.000545609980414,188.76,,,188.9374830669165,0.0303812708220235
North Korea,PRK,,,,,,,,,,,,,520.65,0.00000455,0.0,,,0.0207012053579092,0.00009388508668011775
Portugal,PRT,119.3885608,57.91351,52.50964,151.6261,151.1777761,200.801723153243,45.84058331228572,48.93621732524944,49,50,0.0033540084804971,0.0035381714739519,494.0513574585899,0.000471869984271,704.9699946641922,0.0762717662895454,0.0762024632833917,1204.507653355598,0.0859827193915651
Paraguay,PRY,,,,158.5205,117.590868,71.9151192061113,,,,,,,93.99610063074434,0.000060900000609,8.500000126659868,0.0894639319891739,0.0588657719890433,13.60712922364473,0.011616778370388
Palestine,PSE,,,,,,,,,,,,,0.0,,0.0,,,3.275215148925781,0.0159587516300097
French Polynesia,PYF,,,,,,,,,,,,,0.0,,0.27,,,8.230829734802246,0.0217795903015005
Qatar,QAT,,,,,433.0474125,412.34492702195,,,,,,,114.346870934096,0.000208400002084,101.0,0.0324894280830541,0.0580576611624492,101.0,0.0295731802255953
Reunion,REU,,,,,,,,,,,,,0.0,,,,,,
Romania,ROU,,,,232.3018,224.1335423,177.748534679776,55.606450725904764,61.92145067378213,43,41,0.0046798946922401,0.0055978433838128,861.9461201267674,0.001209279969768,1168.799973875284,0.1016286988873449,0.1466079635015155,1179.981191068888,0.1095179231291964
Russia,RUS,,325.2539,243.261,361.1588,256.3531286,270.375936198414,,,,,,,4702.453351749295,0.002677400040161,965.2000143826008,0.0937347617019699,0.0571187662783361,1315.252809792757,0.0251086619893963
Rwanda,RWA,,,,,100.4708934,106.120936749837,,,,,,,69.9732467239172,0.000103200004128,3.3,0.3477739295031326,0.5270985646881222,5.125652956962585,0.0223882042247078
Saudi Arabia,SAU,,274.2,163.8641,278.5754,245.4746014,359.792528499902,,,,,,,2258.491537819581,0.001170600017559,0.0,0.0928507323108443,0.0435021414070995,0.0,
Sudan,SDN,,,,,,,,,,,,,643.99998896,0.000275799995272,2.8,1.211135545010734,0.4195912007500698,3.721464920043945,0.0111635491542882
Senegal,SEN,,,,,,,,,,,,,141.300005652,0.000239700009588,57.60000228881837,0.703963073953891,1.176884498615742,82.34153747558595,0.3766557987848437
Singapore,SGP,1117.958613,1216.86,1147.122,1081.982,1022.119345,1166.69663609186,81.35448884580953,84.61831356788167,8,9,0.0392060280124555,0.0387252148563742,2791.252045313467,0.002492710029326,598.5700062960384,0.8472731152619525,0.695189724551054,2394.096617624164,0.2825369883030918
South Georgia and the South Sandwich Islands,SGS,,,,,,,,,,,,,0.0,,,,,,
Saint Helena,SHN,,,,,,,,,,,,,0.0,,,,,,
Svalbard and Jan Mayen Islands,SJM,,,,,,,,,,,,,0.0,,,,,,
Solomon Islands,SLB,,,,,,,,,,,,,0.1481233212709667,0.000000300000012,0.0,0.0451383023178609,0.0281933143686076,1.660635352134705,0.0290604176748568
Sierra Leone,SLE,,,,,,,,,,,,,75.2587496883066,0.000108600004344,6.0,1.4378151451607288,1.846389147691702,7.091467499732971,0.1112585259417143
El Salvador,SLV,,,,,123.1214685,107.257203854057,,,,,,,99.44056569145413,0.000186600007464,202.8,0.0894971561202811,0.1984492112472357,239.8441169738769,0.2030513325059974
San Marino,SMR,30.86461955,59.53545,33.271,24.31495,20.81989966,11.8536802936954,61.51238010114285,60.54379890197161,59,67,0.0014903278354779,0.0009305597744858,0.0,,0.0,0.0543142872418212,0.0771724544476211,5.265253067016602,0.0530473005344444
Somalia,SOM,,,,,,,,,,,,,0.0,,0.0,,,3.265243768692017,0.044221891353716
St. Pierre and Miquelon,SPM,,,,,,,,,,,,,0.0,,,,,,
Serbia,SRB,,,,,,84.2038470127201,,,,,,,69.29931052611668,0.00023475000939,111.4500044286251,0.0290181889178479,0.0987776482932429,116.0407045781613,0.0452014123195701
South Sudan,SSD,,,,,,,,,,,,,7.148217398891103,,0.0,0.0945510294889453,0.0008444709486473,0.0906932353973388,0.0016020997150242
Sao Tome and Principe,STP,,,,,,,,,,,,,0.0,,0.0,0.0175120245485966,0.0136213660301917,0.1391700804233551,0.0122542356165435
Suriname,SUR,,,,,,,,,,,,,0.0,0.0,0.0,0.1013257246258815,0.0709902850494947,10.08948993682861,0.0480510779983767
Slovakia,SVK,,,60.13406,127.8874,91.29390449,101.824742051979,52.950172188095245,55.15104688199142,47,51,0.0035789487112047,0.003489708180776,355.04609060179536,0.000521429982619,498.5399844348431,0.0765036962013287,0.1047613463891302,550.7413508594036,0.0979367149603847
Slovenia,SVN,,,22.46907,35.32386,27.48119603,24.6160338441203,49.57163138885714,51.86075189100553,55,58,0.0021238949788288,0.0021014483280767,97.08967679354598,0.00017574999815,108.8699986338615,0.0710152024277696,0.104547948179455,217.2283589243889,0.0667239197129188
Sweden,SWE,,55.71366,100.8714,203.5453,182.8646578,168.468151384464,55.97318405733333,60.7499361807556,29,26,0.0095971099995756,0.0105470933939647,1141.020812814374,0.001040159995272,944.2399948835372,0.0537797737008571,0.0527820352550448,2394.99499976635,0.0464942347403046
Eswatini,SWZ,,,,,,,,,,,,,15.25409134109694,0.000010725000234,14.0,0.1242784725414374,0.115186374839811,16.26119256019592,0.1621321553552105
Sint Maarten,SXM,,,,,,,,,,,,,0.0,,10.15,,,14.54884948730469,0.1992348382451857
Seychelles,SYC,95.01644304,293.483,60.84057,125.2617,108.5323325,117.530984659967,68.108221244,68.45288413728007,44,49,0.004293075137624,0.0037413983870652,31.88458119749103,0.0000335,1.800000071525574,3.5054546181838826,3.1077946277177766,121.4904373884201,1.950941880333242
Syria,SYR,,,,,,,,,,,,,4.973930923884497,0.000133000000475,0.0,0.0277998207398937,0.3830084711455287,3.741392374038696,0.0138970605306635
Turks and Caicos Islands,TCA,218.8583265,81.81755,72.46152,98.07825,114.3223679,59.3287955131851,100,100,32,36,0.0069887911151693,0.0065540700912406,0.0,0.0,0.0,,,13.81422233581543,0.2014609168244924
Chad,TCD,,,,,,,,,,,,,343.125,0.001947049966622,0.35,3.1778825016463257,18.36994416420413,5.328392601013183,0.0680329596384697
Togo,TGO,,,,,,,,,,,,,38.849999334,0.000020649999646,8.049999999999999,0.6200644541223168,0.3168526997034194,10.58378701210022,0.1416310497447348
Thailand,THA,,,,550.5987,448.8582185,379.867003359114,,,,,,,425.1312200992825,0.001033400015501,231.8000034540891,0.0876662242590099,0.1330395869943577,880.8333286494017,0.0600813968777239
Tajikistan,TJK,,,,,,,,,,,,,188.4,0.000024080000172,0.0,1.2869656212927751,0.1556163309431073,0.7543163895606995,0.0049614427881592
Tokelau,TKL,,,,,,,,,,,,,0.0,,,,,,
Turkmenistan,TKM,,,,,,,,,,,,,0.0,0.000002400000036,0.0,0.0008971657402598,0.0047633879022784,0.6359349489212036,0.001303306327754
Timor-Leste,TLS,,,,,,,,,,,,,0.5710215610827143,0.0000093,5.300000000000001,0.0278371132327266,0.3142329984141511,5.419950562715531,0.132091557627093
Tonga,TON,,,,,,,,,,,,,9.195089493553803,,0.0,0.7442489395882174,0.0062514541378835,0.0402479469776153,0.0025539652665726
Trinidad and Tobago,TTO,,,,27.86072,29.63358834,39.1345848269848,,,,,,,233.1419645434078,0.00019675,48.0,0.3581505935513826,0.2985843529682272,69.79414176940918,0.083990425068051
Tunisia,TUN,,,,,147.4830832,100.933588655745,,,,,,,257.4,0.00037425,272.5,0.1829568725448204,0.2427833429774778,307.6792945861816,0.172301135803679
Turkey,TUR,,,320.9027,353.8883,225.7219655,199.631227605723,,,,,,,2241.32499690864,0.001180200017703,796.6199956834316,0.0967286872984698,0.0583647630540787,1188.783539384604,0.0478503245799745
Tuvalu,TUV,,,,,,,,,,,,,0.0,,0.0,,0.0002244715297704,0.027484506368637,0.0037782394293697
Taiwan,TWN,,,,743.3792,507.5742216,481.920335551224,46.76267773822857,43.48285645954515,50,55,0.0031616615153275,0.0022200377411008,558.463292086191,0.0001470500017299,6323.200000000001,,,9311.14384765625,
Tanzania,TZA,,,,128.9168,100.6186769,113.187010051459,46.08379152524763,47.77523194928685,62,65,0.0010550501320156,0.0011273698560192,279.08138112064586,0.000192600007704,106.5,0.4076421272801091,0.3005999839956795,124.6576862335205,0.1403218002113267
Uganda,UGA,,,,,,,,,,,,,96.59415717919096,0.000365400014616,17.4,0.3142545468096156,1.100594368948529,34.26893463134765,0.1007356721711351
Ukraine,UKR,,,,246.2471,160.4497581,125.426280402455,,,,,,,621.3137242766259,0.000406440015806,434.16,0.1392535631877036,0.0890572602253164,458.9884015655517,0.094695585890512
United States Minor Outlying Islands,UMI,,,,,,,,,,,,,0.0,,,,,,
Uruguay,URY,331.0032555,277.4804,255.5827,148.2012,115.470052,162.736378887982,,,,,,,26.14769222535148,0.0000725,69.0,0.0433363407044143,0.0523857313144401,171.7408142089844,0.0396434408644956
United States,USA,1160.059104,1212.971,1254.755,1298.47,1486.957077,1950.78060750601,43.2117808383619,46.89826722263353,25,25,0.0107289100258836,0.0116099644570554,49241.3392800352,0.07691085,139815.99,0.0581895127658576,0.0722549676176887,177270.0915625,0.1014218883663046
Uzbekistan,UZB,,,,,,,,,,,,,166.27500665099998,0.000040875001635,4.274999999999999,0.0955533287503458,0.0325004375643323,12.00568904876709,0.011293742400402
Vatican,VAT,,,,,,,,,,,,,0.0,,,,,,
St. Vincent & Grenadines,VCT,100.9028576,85.14934,79.65414,21.37537,57.72270926,52.6631585467788,,,,,,,0.0,0.000018524999316,0.0,1.322073891400062,1.8354383646076664,23.9191722869873,0.8864031123000097
Venezuela,VEN,,,,105.0341,196.9988394,168.099676122028,,,,,,,383.8186597227737,0.006599060077636,795.2600000000001,0.11680149047679,0.9031924624226946,1143.663991699219,0.3220271945644917
British Virgin Islands,VGB,617.8850568,385.4457,307.6909,502.7578,619.1401487,620.8089964276,100,100,1,1,0.0728996179556984,0.0644693017313464,1.0793982539474531,,0.0,,,0.0,
US Virgin Islands,VIR,104.24046,102.8635,118.2316,101.8939,117.0346512,119.568374548601,,,,,,,0.0,,53.13,,,53.13,0.2199182169761883
Vietnam,VNM,,,,,299.2994469,375.209214085042,,,,,,,367.1925772731965,0.00145200002178,1521.200022667646,0.0722888380612505,0.2672691405763705,1568.645785301924,0.187611871879071
Vanuatu,VUT,14.32583422,164.9674,142.8499,149.2654,88.59109729,80.6022425894997,,,,,,,0.0,0.0,0.0,0.3284878220368902,0.3750894390833789,4.750605583190918,0.2425262151518576
Wallis and Futuna Islands,WLF,,,,,,,,,,,,,0.0,,0.0,,,0.0,
Samoa,WSM,27.50107447,31.03195,117.5075,115.901,120.859974,93.3386454306419,,,,,,,0.0,0.000067230002739,0.27,4.8345480482523975,6.27703038694612,142.3091540527344,4.304272917729236
,XKX,,,,,,40.8634452712237,,,,,,,0.0,,0.0,,,0.0,
Yemen,YEM,,,,,,,,,,,,,51.8,0.0000132,0.0,0.2008721914111254,0.0576626717696736,3.432613372802734,0.0125999857292638
South Africa,ZAF,,209.7911,90.88525,216.4384,218.5853163,261.086804265287,47.12455578838095,49.42046958526767,42,45,0.0048453025195935,0.0044790359264844,2708.8246077729223,0.002912560010402,1389.640005916357,0.2238193349800604,0.2389517195370023,2006.294730037451,0.1112795035352031
Zambia,ZMB,,,,,,,,,,,,,100.1206403238334,0.0006023499896739,789.9499999999999,0.3730143289543372,1.530793593560054,829.5368225097656,1.634630416965233
Zimbabwe,ZWE,,,,,,,,,,,,,72.35674614133163,0.0000645,8.75,0.2135096364956515,0.3046156516968057,51.34939575195312,0.1135267614568082
